instance,artist,t_linear,t_binary
0,Artist_0,0.03125,0.046875
0,Artist_5,0.0,0.03125
0,Artist_10,0.015625,0.015625
0,Artist_15,0.015625,0.015625
0,Artist_19,0.015625,0.03125
1,Artist_0,0.0,0.03125
1,Artist_5,0.0,0.03125
1,Artist_10,0.0,0.03125
1,Artist_15,0.0,0.03125
1,Artist_19,0.015625,0.015625
2,Artist_0,0.015625,0.03125
2,Artist_5,0.0,0.03125
2,Artist_10,0.0,0.03125
2,Artist_15,0.0,0.03125
2,Artist_19,0.0,0.03125
3,Artist_0,0.0,0.03125
3,Artist_5,0.015625,0.03125
3,Artist_10,0.0,0.03125
3,Artist_15,0.0,0.03125
3,Artist_19,0.0,0.03125
4,Artist_0,0.015625,0.015625
4,Artist_5,0.015625,0.03125
4,Artist_10,0.0,0.03125
4,Artist_15,0.0,0.03125
4,Artist_19,0.0,0.03125
5,Artist_0,0.0,0.03125
5,Artist_5,0.015625,0.015625
5,Artist_10,0.015625,0.015625
5,Artist_15,0.015625,0.03125
5,Artist_19,0.0,0.03125
6,Artist_0,0.0,0.03125
6,Artist_5,0.0,0.03125
6,Artist_10,0.015625,0.015625
6,Artist_15,0.015625,0.03125
6,Artist_19,0.0,0.03125
7,Artist_0,0.0,0.03125
7,Artist_5,0.0,0.03125
7,Artist_10,0.0,0.03125
7,Artist_15,0.0,0.03125
7,Artist_19,0.0,0.046875
8,Artist_0,0.0,0.03125
8,Artist_5,0.015625,0.03125
8,Artist_10,0.0,0.03125
8,Artist_15,0.0,0.03125
8,Artist_19,0.015625,0.015625
9,Artist_0,0.015625,0.015625
9,Artist_5,0.015625,0.015625
9,Artist_10,0.015625,0.015625
9,Artist_15,0.015625,0.03125
9,Artist_19,0.0,0.03125
10,Artist_0,0.0,0.03125
10,Artist_5,0.0,0.03125
10,Artist_10,0.0,0.03125
10,Artist_15,0.0,0.03125
10,Artist_19,0.0,0.03125
11,Artist_0,0.015625,0.015625
11,Artist_5,0.015625,0.015625
11,Artist_10,0.015625,0.015625
11,Artist_15,0.015625,0.03125
11,Artist_19,0.0,0.03125
12,Artist_0,0.0,0.03125
12,Artist_5,0.0,0.03125
12,Artist_10,0.0,0.03125
12,Artist_15,0.0,0.03125
12,Artist_19,0.0,0.03125
13,Artist_0,0.015625,0.015625
13,Artist_5,0.015625,0.03125
13,Artist_10,0.0,0.03125
13,Artist_15,0.0,0.03125
13,Artist_19,0.0,0.03125
14,Artist_0,0.015625,0.015625
14,Artist_5,0.015625,0.015625
14,Artist_10,0.015625,0.03125
14,Artist_15,0.0,0.03125
14,Artist_19,0.0,0.03125
15,Artist_0,0.015625,0.015625
15,Artist_5,0.015625,0.015625
15,Artist_10,0.015625,0.015625
15,Artist_15,0.015625,0.015625
15,Artist_19,0.015625,0.015625
16,Artist_0,0.015625,0.015625
16,Artist_5,0.015625,0.03125
16,Artist_10,0.0,0.03125
16,Artist_15,0.0,0.03125
16,Artist_19,0.0,0.03125
17,Artist_0,0.0,0.03125
17,Artist_5,0.0,0.03125
17,Artist_10,0.0,0.03125
17,Artist_15,0.015625,0.015625
17,Artist_19,0.015625,0.03125
18,Artist_0,0.0,0.03125
18,Artist_5,0.0,0.03125
18,Artist_10,0.0,0.046875
18,Artist_15,0.0,0.046875
18,Artist_19,0.0,0.03125
19,Artist_0,0.0,0.03125
19,Artist_5,0.0,0.03125
19,Artist_10,0.015625,0.015625
19,Artist_15,0.015625,0.015625
19,Artist_19,0.015625,0.015625
20,Artist_0,0.015625,0.015625
20,Artist_5,0.015625,0.015625
20,Artist_10,0.015625,0.015625
20,Artist_15,0.015625,0.03125
20,Artist_19,0.0,0.03125
21,Artist_0,0.0,0.03125
21,Artist_5,0.015625,0.015625
21,Artist_10,0.015625,0.015625
21,Artist_15,0.015625,0.03125
21,Artist_19,0.0,0.03125
22,Artist_0,0.0,0.03125
22,Artist_5,0.0,0.03125
22,Artist_10,0.0,0.015625
22,Artist_15,0.0,0.03125
22,Artist_19,0.0,0.03125
23,Artist_0,0.0,0.03125
23,Artist_5,0.015625,0.015625
23,Artist_10,0.015625,0.015625
23,Artist_15,0.015625,0.015625
23,Artist_19,0.015625,0.015625
24,Artist_0,0.015625,0.015625
24,Artist_5,0.015625,0.03125
24,Artist_10,0.0,0.03125
24,Artist_15,0.0,0.03125
24,Artist_19,0.0,0.03125
25,Artist_0,0.0,0.03125
25,Artist_5,0.0,0.03125
25,Artist_10,0.015625,0.015625
25,Artist_15,0.0,0.03125
25,Artist_19,0.0,0.03125
26,Artist_0,0.0,0.03125
26,Artist_5,0.0,0.03125
26,Artist_10,0.0,0.03125
26,Artist_15,0.0,0.03125
26,Artist_19,0.0,0.03125
27,Artist_0,0.0,0.03125
27,Artist_5,0.015625,0.015625
27,Artist_10,0.015625,0.015625
27,Artist_15,0.015625,0.015625
27,Artist_19,0.015625,0.03125
28,Artist_0,0.0,0.03125
28,Artist_5,0.0,0.015625
28,Artist_10,0.0,0.03125
28,Artist_15,0.0,0.03125
28,Artist_19,0.015625,0.03125
29,Artist_0,0.0,0.03125
29,Artist_5,0.0,0.03125
29,Artist_10,0.0,0.03125
29,Artist_15,0.0,0.03125
29,Artist_19,0.0,0.03125
30,Artist_0,0.0,0.03125
30,Artist_5,0.0,0.03125
30,Artist_10,0.015625,0.015625
30,Artist_15,0.015625,0.015625
30,Artist_19,0.015625,0.015625
31,Artist_0,0.015625,0.015625
31,Artist_5,0.015625,0.015625
31,Artist_10,0.015625,0.015625
31,Artist_15,0.015625,0.015625
31,Artist_19,0.015625,0.015625
32,Artist_0,0.015625,0.015625
32,Artist_5,0.015625,0.015625
32,Artist_10,0.015625,0.03125
32,Artist_15,0.0,0.015625
32,Artist_19,0.0,0.03125
33,Artist_0,0.0,0.03125
33,Artist_5,0.0,0.03125
33,Artist_10,0.0,0.03125
33,Artist_15,0.0,0.03125
33,Artist_19,0.0,0.03125
34,Artist_0,0.0,0.03125
34,Artist_5,0.015625,0.015625
34,Artist_10,0.0,0.03125
34,Artist_15,0.0,0.03125
34,Artist_19,0.0,0.03125
35,Artist_0,0.015625,0.015625
35,Artist_5,0.015625,0.015625
35,Artist_10,0.015625,0.015625
35,Artist_15,0.015625,0.03125
35,Artist_19,0.0,0.03125
36,Artist_0,0.0,0.03125
36,Artist_5,0.0,0.03125
36,Artist_10,0.0,0.03125
36,Artist_15,0.0,0.03125
36,Artist_19,0.0,0.03125
37,Artist_0,0.0,0.03125
37,Artist_5,0.015625,0.015625
37,Artist_10,0.015625,0.015625
37,Artist_15,0.0,0.03125
37,Artist_19,0.015625,0.015625
38,Artist_0,0.0,0.046875
38,Artist_5,0.0,0.03125
38,Artist_10,0.0,0.03125
38,Artist_15,0.0,0.03125
38,Artist_19,0.0,0.03125
39,Artist_0,0.015625,0.015625
39,Artist_5,0.015625,0.015625
39,Artist_10,0.015625,0.015625
39,Artist_15,0.015625,0.015625
39,Artist_19,0.015625,0.0
40,Artist_0,0.015625,0.015625
40,Artist_5,0.015625,0.015625
40,Artist_10,0.015625,0.015625
40,Artist_15,0.015625,0.015625
40,Artist_19,0.015625,0.015625
41,Artist_0,0.015625,0.015625
41,Artist_5,0.015625,0.015625
41,Artist_10,0.015625,0.03125
41,Artist_15,0.0,0.03125
41,Artist_19,0.0,0.03125
42,Artist_0,0.0,0.03125
42,Artist_5,0.0,0.015625
42,Artist_10,0.015625,0.015625
42,Artist_15,0.015625,0.03125
42,Artist_19,0.0,0.03125
43,Artist_0,0.0,0.015625
43,Artist_5,0.0,0.03125
43,Artist_10,0.0,0.03125
43,Artist_15,0.0,0.03125
43,Artist_19,0.015625,0.015625
44,Artist_0,0.015625,0.015625
44,Artist_5,0.015625,0.015625
44,Artist_10,0.015625,0.015625
44,Artist_15,0.015625,0.03125
44,Artist_19,0.015625,0.015625
45,Artist_0,0.015625,0.015625
45,Artist_5,0.015625,0.015625
45,Artist_10,0.015625,0.015625
45,Artist_15,0.015625,0.015625
45,Artist_19,0.015625,0.015625
46,Artist_0,0.015625,0.015625
46,Artist_5,0.015625,0.015625
46,Artist_10,0.015625,0.03125
46,Artist_15,0.0,0.03125
46,Artist_19,0.0,0.03125
47,Artist_0,0.0,0.015625
47,Artist_5,0.0,0.03125
47,Artist_10,0.0,0.03125
47,Artist_15,0.0,0.03125
47,Artist_19,0.0,0.03125
48,Artist_0,0.0,0.03125
48,Artist_5,0.015625,0.03125
48,Artist_10,0.0,0.015625
48,Artist_15,0.015625,0.015625
48,Artist_19,0.015625,0.03125
49,Artist_0,0.0,0.03125
49,Artist_5,0.0,0.046875
49,Artist_10,0.0,0.03125
49,Artist_15,0.0,0.03125
49,Artist_19,0.015625,0.015625
50,Artist_0,0.015625,0.015625
50,Artist_5,0.015625,0.015625
50,Artist_10,0.015625,0.015625
50,Artist_15,0.015625,0.015625
50,Artist_19,0.015625,0.015625
51,Artist_0,0.015625,0.015625
51,Artist_5,0.015625,0.015625
51,Artist_10,0.015625,0.03125
51,Artist_15,0.0,0.03125
51,Artist_19,0.0,0.015625
52,Artist_0,0.0,0.03125
52,Artist_5,0.0,0.03125
52,Artist_10,0.0,0.03125
52,Artist_15,0.015625,0.03125
52,Artist_19,0.015625,0.015625
53,Artist_0,0.0,0.03125
53,Artist_5,0.0,0.03125
53,Artist_10,0.0,0.03125
53,Artist_15,0.0,0.03125
53,Artist_19,0.0,0.03125
54,Artist_0,0.0,0.03125
54,Artist_5,0.0,0.03125
54,Artist_10,0.0,0.03125
54,Artist_15,0.0,0.03125
54,Artist_19,0.0,0.03125
55,Artist_0,0.0,0.03125
55,Artist_5,0.015625,0.015625
55,Artist_10,0.015625,0.015625
55,Artist_15,0.015625,0.015625
55,Artist_19,0.015625,0.015625
56,Artist_0,0.015625,0.015625
56,Artist_5,0.015625,0.015625
56,Artist_10,0.015625,0.015625
56,Artist_15,0.015625,0.015625
56,Artist_19,0.015625,0.015625
57,Artist_0,0.015625,0.015625
57,Artist_5,0.015625,0.015625
57,Artist_10,0.015625,0.015625
57,Artist_15,0.015625,0.03125
57,Artist_19,0.0,0.03125
58,Artist_0,0.0,0.03125
58,Artist_5,0.015625,0.015625
58,Artist_10,0.015625,0.015625
58,Artist_15,0.015625,0.03125
58,Artist_19,0.0,0.03125
59,Artist_0,0.0,0.03125
59,Artist_5,0.0,0.03125
59,Artist_10,0.0,0.03125
59,Artist_15,0.015625,0.015625
59,Artist_19,0.015625,0.03125
60,Artist_0,0.0,0.03125
60,Artist_5,0.0,0.03125
60,Artist_10,0.015625,0.015625
60,Artist_15,0.015625,0.015625
60,Artist_19,0.015625,0.015625
61,Artist_0,0.015625,0.03125
61,Artist_5,0.0,0.03125
61,Artist_10,0.015625,0.03125
61,Artist_15,0.015625,0.03125
61,Artist_19,0.0,0.03125
62,Artist_0,0.015625,0.015625
62,Artist_5,0.015625,0.015625
62,Artist_10,0.015625,0.015625
62,Artist_15,0.015625,0.015625
62,Artist_19,0.015625,0.015625
63,Artist_0,0.015625,0.015625
63,Artist_5,0.0,0.03125
63,Artist_10,0.0,0.03125
63,Artist_15,0.0,0.03125
63,Artist_19,0.0,0.03125
64,Artist_0,0.015625,0.015625
64,Artist_5,0.015625,0.015625
64,Artist_10,0.015625,0.015625
64,Artist_15,0.015625,0.015625
64,Artist_19,0.015625,0.015625
65,Artist_0,0.015625,0.015625
65,Artist_5,0.015625,0.015625
65,Artist_10,0.015625,0.03125
65,Artist_15,0.0,0.03125
65,Artist_19,0.0,0.03125
66,Artist_0,0.0,0.03125
66,Artist_5,0.0,0.03125
66,Artist_10,0.0,0.03125
66,Artist_15,0.015625,0.03125
66,Artist_19,0.0,0.03125
67,Artist_0,0.0,0.015625
67,Artist_5,0.0,0.015625
67,Artist_10,0.0,0.03125
67,Artist_15,0.015625,0.03125
67,Artist_19,0.0,0.03125
68,Artist_0,0.0,0.03125
68,Artist_5,0.0,0.03125
68,Artist_10,0.015625,0.015625
68,Artist_15,0.015625,0.03125
68,Artist_19,0.015625,0.015625
69,Artist_0,0.015625,0.03125
69,Artist_5,0.0,0.03125
69,Artist_10,0.0,0.03125
69,Artist_15,0.015625,0.015625
69,Artist_19,0.015625,0.046875
70,Artist_0,0.0,0.046875
70,Artist_5,0.0,0.03125
70,Artist_10,0.0,0.03125
70,Artist_15,0.0,0.03125
70,Artist_19,0.015625,0.015625
71,Artist_0,0.015625,0.015625
71,Artist_5,0.015625,0.03125
71,Artist_10,0.0,0.03125
71,Artist_15,0.0,0.03125
71,Artist_19,0.015625,0.015625
72,Artist_0,0.015625,0.015625
72,Artist_5,0.015625,0.03125
72,Artist_10,0.0,0.046875
72,Artist_15,0.0,0.03125
72,Artist_19,0.0,0.03125
73,Artist_0,0.015625,0.015625
73,Artist_5,0.0,0.03125
73,Artist_10,0.015625,0.015625
73,Artist_15,0.015625,0.015625
73,Artist_19,0.015625,0.03125
74,Artist_0,0.0,0.03125
74,Artist_5,0.0,0.03125
74,Artist_10,0.015625,0.015625
74,Artist_15,0.015625,0.015625
74,Artist_19,0.015625,0.015625
75,Artist_0,0.015625,0.015625
75,Artist_5,0.015625,0.03125
75,Artist_10,0.0,0.03125
75,Artist_15,0.015625,0.03125
75,Artist_19,0.0,0.03125
76,Artist_0,0.015625,0.015625
76,Artist_5,0.015625,0.015625
76,Artist_10,0.0,0.03125
76,Artist_15,0.0,0.03125
76,Artist_19,0.0,0.03125
77,Artist_0,0.0,0.03125
77,Artist_5,0.015625,0.03125
77,Artist_10,0.0,0.03125
77,Artist_15,0.0,0.03125
77,Artist_19,0.0,0.03125
78,Artist_0,0.0,0.03125
78,Artist_5,0.015625,0.03125
78,Artist_10,0.015625,0.03125
78,Artist_15,0.0,0.03125
78,Artist_19,0.0,0.03125
79,Artist_0,0.0,0.03125
79,Artist_5,0.015625,0.03125
79,Artist_10,0.0,0.03125
79,Artist_15,0.015625,0.015625
79,Artist_19,0.015625,0.015625
80,Artist_0,0.015625,0.015625
80,Artist_5,0.015625,0.015625
80,Artist_10,0.015625,0.03125
80,Artist_15,0.0,0.03125
80,Artist_19,0.015625,0.03125
81,Artist_0,0.015625,0.03125
81,Artist_5,0.0,0.03125
81,Artist_10,0.015625,0.03125
81,Artist_15,0.0,0.03125
81,Artist_19,0.015625,0.015625
82,Artist_0,0.015625,0.03125
82,Artist_5,0.015625,0.015625
82,Artist_10,0.015625,0.03125
82,Artist_15,0.0,0.03125
82,Artist_19,0.0,0.03125
83,Artist_0,0.015625,0.03125
83,Artist_5,0.0,0.03125
83,Artist_10,0.015625,0.03125
83,Artist_15,0.0,0.03125
83,Artist_19,0.015625,0.03125
84,Artist_0,0.0,0.03125
84,Artist_5,0.015625,0.03125
84,Artist_10,0.0,0.03125
84,Artist_15,0.015625,0.015625
84,Artist_19,0.015625,0.015625
85,Artist_0,0.015625,0.03125
85,Artist_5,0.0,0.015625
85,Artist_10,0.0,0.03125
85,Artist_15,0.015625,0.015625
85,Artist_19,0.0,0.015625
86,Artist_0,0.015625,0.015625
86,Artist_5,0.015625,0.015625
86,Artist_10,0.015625,0.015625
86,Artist_15,0.015625,0.03125
86,Artist_19,0.0,0.03125
87,Artist_0,0.015625,0.015625
87,Artist_5,0.015625,0.015625
87,Artist_10,0.015625,0.015625
87,Artist_15,0.015625,0.015625
87,Artist_19,0.015625,0.03125
88,Artist_0,0.0,0.03125
88,Artist_5,0.015625,0.03125
88,Artist_10,0.015625,0.046875
88,Artist_15,0.0,0.03125
88,Artist_19,0.0,0.03125
89,Artist_0,0.0,0.03125
89,Artist_5,0.015625,0.015625
89,Artist_10,0.015625,0.03125
89,Artist_15,0.0,0.03125
89,Artist_19,0.0,0.03125
90,Artist_0,0.015625,0.03125
90,Artist_5,0.0,0.03125
90,Artist_10,0.015625,0.03125
90,Artist_15,0.0,0.03125
90,Artist_19,0.0,0.03125
91,Artist_0,0.015625,0.015625
91,Artist_5,0.015625,0.015625
91,Artist_10,0.015625,0.03125
91,Artist_15,0.0,0.03125
91,Artist_19,0.0,0.03125
92,Artist_0,0.015625,0.015625
92,Artist_5,0.015625,0.015625
92,Artist_10,0.015625,0.015625
92,Artist_15,0.015625,0.015625
92,Artist_19,0.015625,0.015625
93,Artist_0,0.015625,0.015625
93,Artist_5,0.015625,0.015625
93,Artist_10,0.015625,0.03125
93,Artist_15,0.0,0.015625
93,Artist_19,0.015625,0.03125
94,Artist_0,0.0,0.03125
94,Artist_5,0.0,0.03125
94,Artist_10,0.0,0.03125
94,Artist_15,0.0,0.03125
94,Artist_19,0.0,0.03125
95,Artist_0,0.0,0.03125
95,Artist_5,0.015625,0.015625
95,Artist_10,0.015625,0.03125
95,Artist_15,0.0,0.03125
95,Artist_19,0.0,0.03125
96,Artist_0,0.0,0.03125
96,Artist_5,0.0,0.03125
96,Artist_10,0.015625,0.015625
96,Artist_15,0.015625,0.03125
96,Artist_19,0.0,0.03125
97,Artist_0,0.015625,0.015625
97,Artist_5,0.015625,0.015625
97,Artist_10,0.015625,0.03125
97,Artist_15,0.0,0.03125
97,Artist_19,0.0,0.03125
98,Artist_0,0.015625,0.015625
98,Artist_5,0.015625,0.03125
98,Artist_10,0.0,0.03125
98,Artist_15,0.015625,0.015625
98,Artist_19,0.015625,0.03125
99,Artist_0,0.015625,0.015625
99,Artist_5,0.015625,0.015625
99,Artist_10,0.015625,0.015625
99,Artist_15,0.015625,0.03125
99,Artist_19,0.0,0.03125
